site,original_escape,retained_escape,,,,
331,0.003157124,0.002590611,,,,
332,0.001646698,0.001372351,,,escape,3.785743498
333,0.00646874,0.005932646,,,,
334,0.051736342,0.040024107,,,,
335,0.00972481,0.008862673,,,,
336,0.010902209,0.007594777,,,,
337,0.013198621,0.007186733,,,,
338,0.001676125,0.001505273,,,,
339,0.021328188,0.012438714,,,,
340,0.021693797,0.010986642,,,,
341,6.02E-05,1.60E-05,,,,
342,0.001626006,0.000897864,,,,
344,0.043810356,0.015762354,,,,
345,0.06121448,0.012302195,,,,
346,0.783058353,0.093071254,,,,
347,0.21562667,0.177220155,,,,
348,0.352338762,0.16130581,,,,
349,0.054978853,0.023127132,,,,
351,0.007450973,0.002196509,,,,
352,0.251922102,0.106694058,,,,
353,3.17E-05,3.02E-05,,,,
354,0.137123613,0.068216861,,,,
356,0.279778556,0.182219056,,,,
357,0.136815524,0.115846104,,,,
358,0.00536787,0.003334777,,,,
359,0.039438218,0.030683458,,,,
360,0.038816403,0.029649639,,,,
361,0.164560865,0.115166974,,,,
362,0.026983279,0.018747237,,,,
363,0.014537638,0.010685863,,,,
365,0.069808288,0.051278234,,,,
366,0.048793601,0.037874682,,,,
367,0.003656467,0.002858645,,,,
368,0.002649374,0.002221584,,,,
369,0.054244126,0.04490146,,,,
370,0.014636696,0.013116451,,,,
371,0.03289478,0.019175547,,,,
372,0.018888694,0.016429231,,,,
373,0.002644663,0.002434621,,,,
374,0.083703609,0.068347596,,,,
375,0.007699355,0.00653869,,,,
376,0.019381197,0.016698751,,,,
377,0.004718148,0.004034704,,,,
378,0.10001319,0.095581435,,,,
380,6.52E-05,3.61E-05,,,,
381,0.0148647,0.014683357,,,,
382,0.002883088,0.002630191,,,,
383,0.140285802,0.136506684,,,,
384,0.078961199,0.077158355,,,,
385,0.092606072,0.091268126,,,,
386,0.073680875,0.070351111,,,,
387,0.002131731,0.001854354,,,,
388,0.013886954,0.010781309,,,,
389,0.008971364,0.006743692,,,,
390,0.033012272,0.028030177,,,,
391,0.039546701,0.036213975,,,,
392,0.010540457,0.009821143,,,,
393,0.040875191,0.033882654,,,,
394,0.023148748,0.021015779,,,,
395,0.0030644,0.002374411,,,,
396,0.069954202,0.060961621,,,,
397,0.002390412,0.001609772,,,,
399,0.005769066,0.002501461,,,,
401,0.000531331,0.000531068,,,,
402,0.002483967,0.002046962,,,,
403,0.035843106,0.035520629,,,,
404,0.006080889,0.005704523,,,,
405,0.039946115,0.036116195,,,,
406,0.037057135,0.033725377,,,,
407,1.41E-06,1.41E-06,,,,
408,0.049972466,0.048040262,,,,
409,0.002338087,0.002035976,,,,
410,4.99E-05,4.85E-05,,,,
411,0.004140719,0.003950892,,,,
413,0.034218104,0.033510748,,,,
414,0.001537585,0.001291796,,,,
415,0.011639199,0.010071984,,,,
417,0.302518952,0.294840167,,,,
418,5.07E-06,4.97E-06,,,,
419,4.80E-06,4.75E-06,,,,
420,0.113395216,0.110246387,,,,
421,0.021051516,0.020218435,,,,
424,7.82E-05,2.82E-07,,,,
425,0.000164342,0.000163344,,,,
427,0.032800353,0.031030696,,,,
428,0.022566479,0.02215582,,,,
429,0.000326506,0.000203587,,,,
430,0.008078792,0.007216876,,,,
433,0.000344426,0.000339688,,,,
434,0.000403574,0.000370109,,,,
435,0.000198567,0.000182262,,,,
437,0.000510775,0.000510712,,,,
438,0.000206021,0.000203251,,,,
439,0.078150306,0.064917347,,,,
440,0.024066909,0.014133131,,,,
441,0.053921422,0.040059699,,,,
443,0.061065472,0.048373727,,,,
444,0.92200316,0.629804027,,,,
445,0.360571724,0.327209203,,,,
446,0.570674541,0.452920728,,,,
447,0.562842918,0.371400385,,,,
448,0.44361961,0.262760176,,,,
449,0.369894451,0.263769567,,,,
450,0.524825688,0.275119396,,,,
451,0.007566727,0.00174566,,,,
452,0.485707226,0.304668718,,,,
453,0.034476277,0.032862683,,,,
455,0.269823473,0.261252034,,,,
456,0.415619602,0.390923228,,,,
458,0.027452729,0.024695204,,,,
459,0.016293253,0.013406623,,,,
460,0.107719923,0.103467502,,,,
461,0.000613599,0.00053778,,,,
462,0.106918853,0.104476357,,,,
463,0.081402094,0.06771933,,,,
464,0.012095561,0.010440013,,,,
465,0.011832063,0.011251019,,,,
466,0.035027972,0.02731305,,,,
468,0.244406009,0.168438135,,,,
469,0.008905607,0.008053681,,,,
470,0.132982659,0.085089271,,,,
471,0.042853116,0.034381221,,,,
472,0.397297165,0.362705936,,,,
473,0.316242466,0.294525812,,,,
474,0.009964911,0.008942397,,,,
475,0.377099221,0.362345182,,,,
476,0.166751894,0.163485813,,,,
477,0.015704623,0.014398523,,,,
478,0.014180201,0.01379697,,,,
479,0.010201039,0.009480662,,,,
480,0.002010212,0.002010212,,,,
481,0.018948313,0.015611368,,,,
482,0.047746906,0.041304103,,,,
483,0.129045333,0.124782978,,,,
484,0.917818852,0.805014353,,,,
485,0.319628963,0.306966578,,,,
486,0.887443664,0.870325354,,,,
487,0.52867453,0.515315298,,,,
489,0.155698666,0.153896404,,,,
490,0.753759992,0.609046476,,,,
491,0.000123781,0.000123781,,,,
492,0.000743501,0.000727087,,,,
493,0.118104113,0.109506092,,,,
494,0.161336258,0.131093729,,,,
496,0.111312128,0.099020473,,,,
498,0.023231825,0.021337337,,,,
499,0.275454271,0.246771399,,,,
500,0.077862917,0.075822952,,,,
501,0.054749464,0.050646166,,,,
502,0.001094368,0.001094368,,,,
503,0.033200108,0.032208572,,,,
504,0.035861525,0.034783579,,,,
505,0.005051027,0.004917182,,,,
506,0.013012557,0.012624108,,,,
507,0.000523689,0.000523532,,,,
508,0.024497151,0.021063609,,,,
510,0.000664827,0.000649651,,,,
513,0.00014184,7.34E-05,,,,
514,0.079682167,0.06381678,,,,
515,0.000221134,5.32E-05,,,,
516,0.033891852,0.032105117,,,,
517,0.008326683,0.007862965,,,,
518,0.027706522,0.027023583,,,,
519,0.010587819,0.009640095,,,,
520,0.014860375,0.013811476,,,,
521,0.009172607,0.008050104,,,,
522,0.012576955,0.008323757,,,,
523,2.88E-05,8.90E-06,,,,
524,4.93E-05,0,,,,
525,0.018613638,0.015804506,,,,
526,0.019018317,0.015907658,,,,
527,0.003062697,0.002393045,,,,
528,0.005919068,0.0051029,,,,
529,0.003189755,0.002848692,,,,
530,0.006103448,0.005051749,,,,
531,0.000595719,0.000509392,,,,
