site,original_escape,retained_escape,total
331,0.003157124,0.00090511,0.002252014
332,0.001646698,0.000316426,0.001330272
333,0.00646874,0.002804432,0.003664308
334,0.051736342,0.017043401,0.034692941
335,0.00972481,0.006686147,0.003038663
336,0.010902209,0.005335256,0.005566953
337,0.013198621,0.005006864,0.008191757
338,0.001676125,0.000908196,0.000767929
339,0.021328188,0.005404575,0.015923613
340,0.021693797,0.005635342,0.016058455
341,6.02E-05,1.51E-05,0.0000451
342,0.001626006,0.000495074,0.001130932
344,0.043810356,0.011048778,0.032761578
345,0.06121448,0.007356027,0.053858453
346,0.783058353,0.031165511,0.751892842
347,0.21562667,0.101293408,0.114333262
348,0.352338762,0.132839942,0.21949882
349,0.054978853,0.009737715,0.045241138
351,0.007450973,0.001142186,0.006308787
352,0.251922102,0.066402247,0.185519855
353,3.17E-05,5.75E-06,0.00002595
354,0.137123613,0.0397347,0.097388913
356,0.279778556,0.134831233,0.144947323
357,0.136815524,0.10020553,0.036609994
358,0.00536787,0.001634518,0.003733352
359,0.039438218,0.015056376,0.024381842
360,0.038816403,0.015197873,0.02361853
361,0.164560865,0.057209253,0.107351612
362,0.026983279,0.011341303,0.015641976
363,0.014537638,0.006050777,0.008486861
365,0.069808288,0.03116553,0.038642758
366,0.048793601,0.016404376,0.032389225
367,0.003656467,0.001238496,0.002417971
368,0.002649374,0.000972189,0.001677185
369,0.054244126,0.030828374,0.023415752
370,0.014636696,0.011098775,0.003537921
371,0.03289478,0.009357294,0.023537486
372,0.018888694,0.01339603,0.005492664
373,0.002644663,0.001580418,0.001064245
374,0.083703609,0.0439437,0.039759909
375,0.007699355,0.005624724,0.002074631
376,0.019381197,0.012318039,0.007063158
377,0.004718148,0.002915117,0.001803031
378,0.10001319,0.087748799,0.012264391
380,6.52E-05,3.43E-05,0.0000309
381,0.0148647,0.013932821,0.000931879
382,0.002883088,0.002070225,0.000812863
383,0.140285802,0.127454703,0.012831099
384,0.078961199,0.072678516,0.006282683
385,0.092606072,0.086592002,0.00601407
386,0.073680875,0.064455374,0.009225501
387,0.002131731,0.001565809,0.000565922
388,0.013886954,0.005299317,0.008587637
389,0.008971364,0.003052247,0.005919117
390,0.033012272,0.017569485,0.015442787
391,0.039546701,0.031778463,0.007768238
392,0.010540457,0.007881583,0.002658874
393,0.040875191,0.024957986,0.015917205
394,0.023148748,0.017660421,0.005488327
395,0.0030644,0.001921025,0.001143375
396,0.069954202,0.047219692,0.02273451
397,0.002390412,0.000458033,0.001932379
399,0.005769066,0.002023142,0.003745924
401,0.000531331,1.30E-05,0.000518331
402,0.002483967,0.00138191,0.001102057
403,0.035843106,0.022293221,0.013549885
404,0.006080889,0.004391224,0.001689665
405,0.039946115,0.022792018,0.017154097
406,0.037057135,0.020360417,0.016696718
407,1.41E-06,1.41E-06,0
408,0.049972466,0.032918344,0.017054122
409,0.002338087,0.001147266,0.001190821
410,4.99E-05,3.52E-05,0.0000147
411,0.004140719,0.002956458,0.001184261
413,0.034218104,0.029125432,0.005092672
414,0.001537585,0.000931526,0.000606059
415,0.011639199,0.005905401,0.005733798
417,0.302518952,0.213337081,0.089181871
418,5.07E-06,4.97E-06,1E-07
419,4.80E-06,4.67E-06,0.00000013
420,0.113395216,0.076384793,0.037010423
421,0.021051516,0.01696109,0.004090426
424,7.82E-05,2.82E-07,0.000077918
425,0.000164342,5.29E-05,0.000111442
427,0.032800353,0.023719256,0.009081097
428,0.022566479,0.020537702,0.002028777
429,0.000326506,0.000100336,0.00022617
430,0.008078792,0.004632543,0.003446249
433,0.000344426,2.08E-05,0.000323626
434,0.000403574,0.000300969,0.000102605
435,0.000198567,0.000170824,0.000027743
437,0.000510775,0.000510524,2.51E-07
438,0.000206021,7.15E-05,0.000134521
439,0.078150306,0.025236161,0.052914145
440,0.024066909,0.005923834,0.018143075
441,0.053921422,0.012650322,0.0412711
443,0.061065472,0.010609174,0.050456298
444,0.92200316,0.017930673,0.904072487
445,0.360571724,0.064539752,0.296031972
446,0.570674541,0.114712377,0.455962164
447,0.562842918,0.064606213,0.498236705
448,0.44361961,0.038628427,0.404991183
449,0.369894451,0.040614276,0.329280175
450,0.524825688,0.055722345,0.469103343
451,0.007566727,0.000407278,0.007159449
452,0.485707226,0.054620303,0.431086923
453,0.034476277,0.02047135,0.014004927
455,0.269823473,0.159063964,0.110759509
456,0.415619602,0.190734749,0.224884853
458,0.027452729,0.014875766,0.012576963
459,0.016293253,0.007693524,0.008599729
460,0.107719923,0.059903786,0.047816137
461,0.000613599,7.33E-05,0.000540299
462,0.106918853,0.098446672,0.008472181
463,0.081402094,0.030457918,0.050944176
464,0.012095561,0.006800488,0.005295073
465,0.011832063,0.01089887,0.000933193
466,0.035027972,0.020424836,0.014603136
468,0.244406009,0.121761079,0.12264493
469,0.008905607,0.006162362,0.002743245
470,0.132982659,0.0254698,0.107512859
471,0.042853116,0.018176989,0.024676127
472,0.397297165,0.072772975,0.32452419
473,0.316242466,0.127518043,0.188724423
474,0.009964911,0.002357729,0.007607182
475,0.377099221,0.173973384,0.203125837
476,0.166751894,0.031990098,0.134761796
477,0.015704623,0.003420735,0.012283888
478,0.014180201,0.001731472,0.012448729
479,0.010201039,0.002514799,0.00768624
480,0.002010212,0.000592586,0.001417626
481,0.018948313,0.004526498,0.014421815
482,0.047746906,0.006768633,0.040978273
483,0.129045333,0.011760511,0.117284822
484,0.917818852,0.036369011,0.881449841
485,0.319628963,0.01339085,0.306238113
486,0.887443664,0.010792563,0.876651101
487,0.52867453,0.101611117,0.427063413
489,0.155698666,0.028698139,0.127000527
490,0.753759992,0.021849947,0.731910045
491,0.000123781,0.000117386,0.000006395
492,0.000743501,0.000291341,0.00045216
493,0.118104113,0.035580401,0.082523712
494,0.161336258,0.019604893,0.141731365
496,0.111312128,0.023400883,0.087911245
498,0.023231825,0.010428493,0.012803332
499,0.275454271,0.071973367,0.203480904
500,0.077862917,0.060787726,0.017075191
501,0.054749464,0.027833993,0.026915471
502,0.001094368,0.000351852,0.000742516
503,0.033200108,0.02181518,0.011384928
504,0.035861525,0.029621742,0.006239783
505,0.005051027,0.002927348,0.002123679
506,0.013012557,0.009885644,0.003126913
507,0.000523689,0.000109275,0.000414414
508,0.024497151,0.013191442,0.011305709
510,0.000664827,0.00046351,0.000201317
513,0.00014184,6.50E-05,0.00007684
514,0.079682167,0.034198177,0.04548399
515,0.000221134,2.34E-05,0.000197734
516,0.033891852,0.02841842,0.005473432
517,0.008326683,0.004587712,0.003738971
518,0.027706522,0.02261483,0.005091692
519,0.010587819,0.008061901,0.002525918
520,0.014860375,0.007840125,0.00702025
521,0.009172607,0.002876896,0.006295711
522,0.012576955,0.003876018,0.008700937
523,2.88E-05,6.33E-06,0.00002247
524,4.93E-05,0,0.0000493
525,0.018613638,0.013273594,0.005340044
526,0.019018317,0.011068565,0.007949752
527,0.003062697,0.00125498,0.001807717
528,0.005919068,0.002131022,0.003788046
529,0.003189755,0.000593552,0.002596203
530,0.006103448,0.002566569,0.003536879
531,0.000595719,0.000339073,0.000256646
